"VOut4","xVOut4"
"4.98506498336792","1.0000000474974513"
"4.985040664672852","1.0000000474974513"
"4.985074043273926","1.0000000474974513"
"4.985004425048828","1.0000000474974513"
"4.985025882720947","1.0000000474974513"
"4.985077857971191","1.0000000474974513"
"4.985072135925293","1.0000000474974513"
"4.985139846801758","1.0000000474974513"
"4.985194683074951","1.0000000474974513"
"4.985209941864014","1.0000000474974513"
"4.985203742980957","1.0000000474974513"
"4.985114097595215","1.0000000474974513"
"4.984745025634766","1.0000000474974513"
"4.984447002410889","1.0000000474974513"
"4.984901428222656","1.0000000474974513"
"4.984925746917725","1.0000000474974513"
"4.984818935394287","1.0000001639127731"
"4.984845161437988","1.000000280328095"
"4.984851837158203","1.0000003967434168"
"4.984861373901367","1.000000862404704"
"4.9848833084106445","1.0000016773119569"
"4.984923839569092","1.0000033071264625"
"4.984933376312256","1.000003656372428"
"4.984944820404053","1.0000041220337152"
"4.984959602355957","1.0000047041103244"
"4.984983921051025","1.000005635432899"
"4.985032558441162","1.00000761449337"
"4.985128402709961","1.0000115726143122"
"4.985257148742676","1.000017044134438"
"4.985503196716309","1.000027870759368"
"4.9858317375183105","1.0000434704124928"
"4.986260414123535","1.0000651236623526"
"4.986832141876221","1.0000956244766712"
"4.987624168395996","1.0001391638070345"
"4.9888458251953125","1.000205404125154"
"4.99150276184082","1.000337884761393"
"4.993405818939209","1.0004236828535795"
"4.993521213531494","1.000428688712418"
"4.993550777435303","1.0004299692809582"
"4.99360990524292","1.0004325304180384"
"4.993653774261475","1.0004343930631876"
"4.993728160858154","1.000437536276877"
"4.993834972381592","1.00044219288975"
"4.990328788757324","1.0004453361034393"
"4.990318298339844","1.0004461510106921"
"4.990317344665527","1.000446267426014"
"4.990314960479736","1.0004465002566576"
"4.9903106689453125","1.000446849502623"
"4.990302085876465","1.000447547994554"
"4.9902849197387695","1.000448944978416"
"4.990261554718018","1.0004510404542089"
"4.990230083465576","1.0004539508372545"
"4.990189552307129","1.0004579089581966"
"4.9901347160339355","1.000463729724288"
"4.990039825439453","1.0004752548411489"
"4.989923477172852","1.0004929499700665"
"4.989802360534668","1.0005178628489375"
"4.989686012268066","1.000551856122911"
"4.989571571350098","1.0005990043282509"
"4.989439010620117","1.0006669908761978"
"4.9891839027404785","1.000787946395576"
"4.988630771636963","1.000972930341959"
"4.987168788909912","1.0012829443439841"
"4.983652591705322","1.0017668828368187"
"4.983622074127197","1.0017703752964735"
"4.983577728271484","1.001775381155312"
"4.9835333824157715","1.0017803870141506"
"4.9834885597229","1.0017853928729892"
"4.9834771156311035","1.0017866734415293"
"4.983453750610352","1.0017892345786095"
"4.983407497406006","1.0017944732680917"
"4.983341217041016","1.0018018074333668"
"4.983232498168945","1.001813798211515"
"4.983051300048828","1.0018337052315474"
"4.982798099517822","1.0018610628321767"
"4.982446193695068","1.0018983157351613"
"4.981944561004639","1.001950353384018"
"4.981552600860596","1.001990051008761"
"4.981542587280273","1.0019909823313355"
"4.981539249420166","1.001991331577301"
"4.981533050537109","1.001992030069232"
"4.98151969909668","1.001993310637772"
"4.98151159286499","1.0019941255450249"
"4.981494426727295","1.0019957553595304"
"4.981472492218018","1.0019979672506452"
"4.984979152679443","1.0019999463111162"
"4.9850239753723145","1.0020005283877254"
"4.985043048858643","1.0020014597103"
"4.9850640296936035","1.0020022746175528"
"4.985093593597412","1.002003438770771"
"4.985100746154785","1.0020037880167365"
"4.985114574432373","1.0020042536780238"
"4.985138416290283","1.0020051850005984"
"4.985178470611572","1.002006814815104"
"4.985248565673828","1.0020097251981497"
"4.9853129386901855","1.0020124027505517"
"4.985401153564453","1.0020161280408502"
"4.985570907592773","1.002023578621447"
"4.985803127288818","1.0020342888310552"
"4.986109256744385","1.002049189992249"
"4.986515045166016","1.002070028334856"
"4.987066268920898","1.002099714241922"
"4.987853527069092","1.0021430207416415"
"4.989469528198242","1.002229517325759"
"4.9930267333984375","1.002399600110948"
"4.993534088134766","1.0024219518527389"
"4.993649005889893","1.0024269577115774"
"4.993678569793701","1.0024282382801175"
"4.993737697601318","1.0024307994171977"
"4.9937872886657715","1.0024328948929906"
"4.993867874145508","1.0024363873526454"
"4.9903717041015625","1.0024412767961621"
"4.990357398986816","1.0024425573647022"
"4.990354537963867","1.0024427901953459"
"4.990350246429443","1.0024431394413114"
"4.9903411865234375","1.0024439543485641"
"4.990323543548584","1.002445467747748"
"4.990318298339844","1.0024459334090352"
"4.99030876159668","1.002446748316288"
"4.990293979644775","1.00244814530015"
"4.990268230438232","1.0024504736065865"
"4.990225791931152","1.0024546645581722"
"4.990170955657959","1.0024606017395854"
"4.990075588226318","1.00247235968709"
"4.989945411682129","1.0024927323684096"
"4.9898152351379395","1.0025209048762918"
"4.989691734313965","1.0025593219324946"
"4.989568710327148","1.0026124073192477"
"4.989415168762207","1.0026890086010098"
"4.989110946655273","1.0028197430074215"
"4.988450527191162","1.0030167177319527"
"4.98671817779541","1.0033502476289868"
"4.9835309982299805","1.003770623356104"
"4.983486652374268","1.0037756292149425"
"4.9834418296813965","1.003780635073781"
"4.983397006988525","1.0037856409326196"
"4.98338508605957","1.0037869215011597"
"4.983361721038818","1.0037895990535617"
"4.9833149909973145","1.003794721327722"
"4.983248233795166","1.0038020554929972"
"4.983138561248779","1.0038141626864672"
"4.982956409454346","1.0038339532911777"
"4.982700347900391","1.003861427307129"
"4.982344150543213","1.0038989130407572"
"4.981834411621094","1.0039514163509011"
"4.981450080871582","1.0039899498224258"
"4.98144006729126","1.0039909975603223"
"4.9814372062683105","1.0039913468062878"
"4.981430530548096","1.003991928882897"
"4.981417655944824","1.0039933258667588"
"4.981409072875977","1.0039941407740116"
"4.981391906738281","1.0039957705885172"
"4.981369495391846","1.003997982479632"
"4.98487663269043","1.003999961540103"
"4.984920978546143","1.004000543616712"
"4.984940528869629","1.0040014749392867"
"4.984961032867432","1.0040022898465395"
"4.98499059677124","1.0040034539997578"
"4.984997749328613","1.0040038032457232"
"4.985011577606201","1.0040042689070106"
"4.985034942626953","1.0040052002295852"
"4.9850754737854","1.0040068300440907"
"4.985145092010498","1.0040097404271364"
"4.9852094650268555","1.0040124179795384"
"4.985297203063965","1.004016143269837"
"4.985466957092285","1.0040235938504338"
"4.985698223114014","1.004034304060042"
"4.986003398895264","1.0040492052212358"
"4.98640775680542","1.0040700435638428"
"4.986957550048828","1.0040996130555868"
"4.987741947174072","1.0041429195553064"
"4.989353179931641","1.0042295325547457"
"4.992900848388672","1.0043996153399348"
"4.993407249450684","1.0044218506664038"
"4.9935221672058105","1.0044268565252423"
"4.993551731109619","1.0044281370937824"
"4.993610382080078","1.0044306982308626"
"4.993659973144531","1.0044329101219773"
"4.993740558624268","1.0044364025816321"
"4.990243911743164","1.004441175609827"
"4.990229606628418","1.0044424561783671"
"4.990226745605469","1.0044428054243326"
"4.990222454071045","1.004443154670298"
"4.990213394165039","1.004443853162229"
"4.990195274353027","1.0044454829767346"
"4.990190029144287","1.004445948638022"
"4.990180969238281","1.0044467635452747"
"4.990165710449219","1.0044480441138148"
"4.990139961242676","1.0044504888355732"
"4.990097522735596","1.004454679787159"
"4.990042209625244","1.0044605005532503"
"4.989946365356445","1.0044722585007548"
"4.989814758300781","1.0044927475973964"
"4.989683151245117","1.0045209201052785"
"4.989558219909668","1.0045592207461596"
"4.989432334899902","1.0046123061329126"
"4.989274978637695","1.0046890238299966"
"4.988964557647705","1.0048196418210864"
"4.988295078277588","1.0050166165456176"
"4.98652458190918","1.005353988148272"
"4.983367443084717","1.0057679610326886"
"4.983322620391846","1.0057729668915272"
"4.983277797698975","1.0057779727503657"
"4.983232498168945","1.0057829786092043"
"4.983221054077148","1.0057842591777444"
"4.9831976890563965","1.0057869367301464"
"4.983150482177734","1.0057920590043068"
"4.983083724975586","1.005799393169582"
"4.982974052429199","1.005811500363052"
"4.982790946960449","1.0058312909677625"
"4.982534408569336","1.0058587649837136"
"4.982177257537842","1.005896250717342"
"4.981666088104248","1.0059487540274858"
"4.981254577636719","1.0059899650514126"
"4.9812445640563965","1.005991012789309"
"4.981241226196289","1.0059913620352745"
"4.981234550476074","1.0059919441118836"
"4.981221675872803","1.0059932246804237"
"4.981213092803955","1.0059941560029984"
"4.98119592666626","1.005995785817504"
"4.981173515319824","1.0059979977086186"
"4.984680652618408","1.0059999767690897"
"4.984724998474121","1.0060005588456988"
"4.984744071960449","1.0060014901682734"
"4.98476505279541","1.0060023050755262"
"4.984794616699219","1.0060034692287445"
"4.984801292419434","1.0060037020593882"
"4.98481559753418","1.0060042841359973"
"4.984838962554932","1.006005215458572"
"4.984879016876221","1.0060068452730775"
"4.984948635101318","1.0060097556561232"
"4.985013008117676","1.0060124332085252"
"4.985100746154785","1.0060161584988236"
"4.985270023345947","1.0060236090794206"
"4.985501289367676","1.0060343192890286"
"4.985805511474609","1.0060492204502225"
"4.986209869384766","1.0060700587928295"
"4.986758232116699","1.0060997446998954"
"4.987541675567627","1.006143051199615"
"4.989150524139404","1.0062295477837324"
"4.992692470550537","1.0063996305689216"
"4.993198394775391","1.0064219823107123"
"4.993312835693359","1.006426988169551"
"4.993342399597168","1.006428268738091"
"4.993401050567627","1.0064308298751712"
"4.99345064163208","1.006433041766286"
"4.993530750274658","1.0064364178106189"
"4.990034103393555","1.0064413072541356"
"4.990019798278809","1.0064425878226757"
"4.990016937255859","1.0064428206533194"
"4.9900126457214355","1.0064432863146067"
"4.99000358581543","1.0064439848065376"
"4.989985466003418","1.0064454982057214"
"4.989980220794678","1.0064459638670087"
"4.989970684051514","1.0064467787742615"
"4.989955902099609","1.0064481757581234"
"4.989930152893066","1.00645050406456"
"4.989887237548828","1.0064546950161457"
"4.989831924438477","1.0064606321975589"
"4.9897356033325195","1.0064723901450634"
"4.989603519439697","1.0064927628263831"
"4.989470958709717","1.0065209353342652"
"4.989344596862793","1.0065593523904681"
"4.9892168045043945","1.0066124377772212"
"4.9890570640563965","1.0066890390589833"
"4.988742351531982","1.006819773465395"
"4.988066673278809","1.0070167481899261"
"4.98628568649292","1.0073540033772588"
"4.983101844787598","1.007769606076181"
"4.983057022094727","1.0077746119350195"
"4.983011722564697","1.007779617793858"
"4.982966423034668","1.0077846236526966"
"4.982954978942871","1.0077859042212367"
"4.982931137084961","1.0077885817736387"
"4.982883930206299","1.007793704047799"
"4.98281717300415","1.0078010382130742"
"4.982706546783447","1.0078131454065442"
"4.982522964477539","1.0078329360112548"
"4.982265472412109","1.007860410027206"
"4.981906414031982","1.0078978957608342"
"4.981393337249756","1.0079503990709782"
"4.980997085571289","1.0079899802803993"
"4.980986595153809","1.0079910280182958"
"4.980983257293701","1.0079913772642612"
"4.9809770584106445","1.0079919593408704"
"4.980963706970215","1.0079932399094105"
"4.980955123901367","1.007994171231985"
"4.980937957763672","1.0079958010464907"
"4.980915546417236","1.0079980129376054"
"4.98442268371582","1.0079999919980764"
"4.984467029571533","1.0080005740746856"
"4.984486103057861","1.0080015053972602"
"4.984507083892822","1.008002320304513"
"4.984536170959473","1.0080034844577312"
"4.984543323516846","1.008003717288375"
"4.984557151794434","1.008004299364984"
"4.984580993652344","1.0080052306875587"
"4.984621047973633","1.0080068605020642"
"4.9846906661987305","1.00800977088511"
"4.98475456237793","1.008012448437512"
"4.984842300415039","1.0080161737278104"
"4.985011577606201","1.0080236243084073"
"4.9852423667907715","1.0080343345180154"
"4.985546112060547","1.0080491192638874"
"4.985949516296387","1.0080699576064944"
"4.986496925354004","1.0080996435135603"
"4.987278938293457","1.00814295001328"
"4.988884925842285","1.0082295630127192"
"4.992252826690674","1.0083920788019896"
"4.992976665496826","1.0084242094308138"
"4.993091583251953","1.0084292152896523"
"4.9931206703186035","1.0084303794428706"
"4.993179798126221","1.0084329405799508"
"4.993227005004883","1.0084350360557437"
"4.993305206298828","1.0084384121000767"
"4.993416786193848","1.0084431851282716"
"4.989909648895264","1.0084464447572827"
"4.989898681640625","1.0084473760798573"
"4.989897727966309","1.0084474924951792"
"4.989895343780518","1.008447608910501"
"4.9898905754089355","1.0084480745717883"
"4.98988151550293","1.0084487730637193"
"4.989863395690918","1.008450286462903"
"4.98983907699585","1.0084524983540177"
"4.989806175231934","1.0084554087370634"
"4.9897637367248535","1.0084595996886492"
"4.989706516265869","1.0084656532853842"
"4.989607334136963","1.008477876894176"
"4.9894866943359375","1.0084965033456683"
"4.9893622398376465","1.0085225803777575"
"4.989243030548096","1.0085580870509148"
"4.989123344421387","1.0086075635626912"
"4.988978862762451","1.0086793918162584"
"4.988659858703613","1.0088192066177726"
"4.987947940826416","1.0090310825034976"
"4.986020088195801","1.009392086416483"
"4.983115196228027","1.0097699705511332"
"4.983070373535156","1.0097749764099717"
"4.983026027679443","1.0097799822688103"
"4.982981204986572","1.009784871712327"
"4.982969284057617","1.009786268696189"
"4.982945919036865","1.0097888298332691"
"4.982899188995361","1.0097940685227513"
"4.982832908630371","1.0098014026880264"
"4.982723236083984","1.0098133934661746"
"4.982541561126709","1.0098331840708852"
"4.982285976409912","1.0098606580868363"
"4.981930255889893","1.0098982602357864"
"4.981420993804932","1.0099506471306086"
"4.981030464172363","1.009989995509386"
"4.981020450592041","1.0099910432472825"
"4.981017112731934","1.0099912760779262"
"4.981010913848877","1.0099919745698571"
"4.980997562408447","1.0099932551383972"
"4.980989456176758","1.00999407004565"
"4.9809722900390625","1.0099958162754774"
"4.980949878692627","1.0099980281665921"
"4.984457015991211","1.0100000072270632"
"4.984501361846924","1.0100005893036723"
"4.98452091217041","1.010001520626247"
"4.984541416168213","1.0100023355334997"
"4.9845709800720215","1.010003499686718"
"4.9845781326293945","1.0100037325173616"
"4.984591960906982","1.0100043145939708"
"4.984615802764893","1.0100052459165454"
"4.984655857086182","1.010006875731051"
"4.9847259521484375","1.0100096696987748"
"4.984789848327637","1.0100123472511768"
"4.984877586364746","1.0100161889567971"
"4.985047340393066","1.010023639537394"
"4.985279083251953","1.0100343497470021"
"4.985584259033203","1.0100491344928741"
"4.985989093780518","1.0100699728354812"
"4.986538887023926","1.010099658742547"
"4.987323760986328","1.0101429652422667"
"4.988935470581055","1.010229578241706"
"4.992376804351807","1.0103948879987001"
"4.993032932281494","1.0104237589985132"
"4.993147850036621","1.0104287648573518"
"4.99317741394043","1.0104300454258919"
"4.993236541748047","1.010432606562972"
"4.993284702301025","1.010434702038765"
"4.993363857269287","1.010438078083098"
"4.993475437164307","1.0104429675266147"
"4.989968776702881","1.0104462271556258"
"4.989957809448242","1.0104471584782004"
"4.989956855773926","1.0104471584782004"
"4.989954471588135","1.010447391308844"
"4.989950180053711","1.0104477405548096"
"4.989940643310547","1.0104485554620624"
"4.989923000335693","1.010450068861246"
"4.989898204803467","1.0104522807523608"
"4.989865303039551","1.0104553075507283"
"4.989822864532471","1.010459498502314"
"4.989765644073486","1.010465552099049"
"4.989666938781738","1.010477775707841"
"4.989546298980713","1.0104966349899769"
"4.989423751831055","1.0105229448527098"
"4.9893059730529785","1.0105586843565106"
"4.989189147949219","1.0106085101142526"
"4.989047527313232","1.0106810368597507"
"4.988726615905762","1.0108238784596324"
"4.988001346588135","1.011040061712265"
"4.986011981964111","1.0114096803590655"
"4.983831882476807","1.0116997873410583"
"4.983245372772217","1.011767890304327"
"4.983201026916504","1.0117728961631656"
"4.983156681060791","1.0117777856066823"
"4.983112335205078","1.0117827914655209"
"4.983100891113281","1.0117841884493828"
"4.983077526092529","1.011786749586463"
"4.983030796051025","1.0117919882759452"
"4.982964992523193","1.0117993224412203"
"4.982856273651123","1.0118113132193685"
"4.982675552368164","1.011831103824079"
"4.982421875","1.0118585778400302"
"4.9820685386657715","1.0118960635736585"
"4.981563568115234","1.0119484504684806"
"4.9811530113220215","1.0119900107383728"
"4.981142997741699","1.0119909420609474"
"4.981139659881592","1.011991291306913"
"4.981133460998535","1.0119919897988439"
"4.981120586395264","1.011993270367384"
"4.981112003326416","1.0119940852746367"
"4.981095314025879","1.0119958315044641"
"4.981072902679443","1.0119980433955789"
"4.984580039978027","1.01200002245605"
"4.98462438583374","1.012000604532659"
"4.984643936157227","1.0120015358552337"
"4.9846649169921875","1.0120023507624865"
"4.984694480895996","1.0120035149157047"
"4.984701156616211","1.0120037477463484"
"4.984715461730957","1.0120043298229575"
"4.984738826751709","1.0120052611455321"
"4.984779357910156","1.0120068909600377"
"4.984849452972412","1.0120096849277616"
"4.9849138259887695","1.0120123624801636"
"4.985001564025879","1.012016087770462"
"4.985171794891357","1.0120236547663808"
"4.985404014587402","1.012034248560667"
"4.9857096672058105","1.0120491497218609"
"4.9861159324646","1.012069988064468"
"4.986667156219482","1.0120996739715338"
"4.987454414367676","1.0121429804712534"
"4.989071369171143","1.0122295934706926"
"4.9926276206970215","1.0123996762558818"
"4.993221282958984","1.012425753287971"
"4.9933366775512695","1.0124307591468096"
"4.993366241455078","1.0124320397153497"
"4.993425369262695","1.0124346008524299"
"4.99347448348999","1.0124366963282228"
"4.99355411529541","1.0124400723725557"
"4.993667125701904","1.0124449618160725"
"4.990160942077637","1.0124482214450836"
"4.990149974822998","1.0124491527676582"
"4.990149021148682","1.01244926918298"
"4.990146636962891","1.0124495020136237"
"4.990141868591309","1.0124498512595892"
"4.990132808685303","1.012450666166842"
"4.990114688873291","1.0124521795660257"
"4.9900898933410645","1.0124543914571404"
"4.990057468414307","1.012457418255508"
"4.990015029907227","1.0124616092070937"
"4.989957809448242","1.0124677792191505"
"4.989859580993652","1.0124801192432642"
"4.989739894866943","1.0124992113560438"
"4.989619255065918","1.0125256376340985"
"4.989504814147949","1.0125617263838649"
"4.989391803741455","1.0126120178028941"
"4.989254951477051","1.012685359455645"
"4.988953113555908","1.0128249414265156"
"4.988261699676514","1.013037166558206"
"4.986374855041504","1.0133970063179731"
"4.984187602996826","1.0136935161426663"
"4.983555793762207","1.0137675562873483"
"4.983511924743652","1.0137725621461868"
"4.983468055725098","1.0137775680050254"
"4.983423709869385","1.013782573863864"
"4.983412265777588","1.013783854432404"
"4.983389377593994","1.013786531984806"
"4.983343124389648","1.0137916542589664"
"4.983277797698975","1.0137989884242415"
"4.983170032501221","1.0138110956177115"
"4.982990741729736","1.0138308862224221"
"4.982738971710205","1.0138583602383733"
"4.982388496398926","1.0138958459720016"
"4.981887340545654","1.0139482328668237"
"4.981478214263916","1.0139900259673595"
"4.981468200683594","1.0139909572899342"
"4.981464862823486","1.0139913065358996"
"4.98145866394043","1.0139920050278306"
"4.9814453125","1.0139932855963707"
"4.9814372062683105","1.0139941005036235"
"4.981420516967773","1.013995846733451"
"4.981398582458496","1.0139980586245656"
"4.98490571975708","1.0140000376850367"
"4.984950065612793","1.0140006197616458"
"4.984969615936279","1.0140014346688986"
"4.98499059677124","1.0140023659914732"
"4.985020160675049","1.0140035301446915"
"4.985027313232422","1.0140037629753351"
"4.98504114151001","1.0140043450519443"
"4.98506498336792","1.0140052763745189"
"4.985105514526367","1.0140069061890244"
"4.985175609588623","1.0140097001567483"
"4.9852399826049805","1.0140123777091503"
"4.985328197479248","1.0140161029994488"
"4.985498905181885","1.0140235535800457"
"4.985732078552246","1.0140342637896538"
"4.986039161682129","1.0140491649508476"
"4.986446380615234","1.0140700032934546"
"4.986999988555908","1.0140996892005205"
"4.987790584564209","1.0141429957002401"
"4.989413261413574","1.0142296086996794"
"4.992981433868408","1.0143996914848685"
"4.993490219116211","1.0144220432266593"
"4.993605613708496","1.0144270490854979"
"4.993635177612305","1.014428329654038"
"4.993694305419922","1.0144308907911181"
"4.993744373321533","1.014432986266911"
"4.9938249588012695","1.0144364787265658"
"4.990328788757324","1.0144413681700826"
"4.990314960479736","1.0144426487386227"
"4.990312099456787","1.0144428815692663"
"4.990307807922363","1.0144432308152318"
"4.990298748016357","1.0144440457224846"
"4.990281105041504","1.0144455591216683"
"4.990275859832764","1.0144460247829556"
"4.9902663230896","1.0144468396902084"
"4.990251541137695","1.0144482366740704"
"4.9902262687683105","1.014450564980507"
"4.9901838302612305","1.0144547559320927"
"4.990129470825195","1.0144606931135058"
"4.990035057067871","1.0144724510610104"
"4.989905834197998","1.01449282374233"
"4.989777565002441","1.0145209962502122"
"4.989656448364258","1.014559413306415"
"4.989536285400391","1.0146124986931682"
"4.989387035369873","1.0146890999749303"
"4.989090919494629","1.014819834381342"
"4.988440990447998","1.015016809105873"
"4.9867777824401855","1.0153419570997357"
"4.984437465667725","1.01566594094038"
"4.983551502227783","1.0157697834074497"
"4.98350715637207","1.0157747892662883"
"4.983462810516357","1.0157797951251268"
"4.983417987823486","1.0157848009839654"
"4.9834065437316895","1.0157860815525055"
"4.9833831787109375","1.0157886426895857"
"4.983336448669434","1.015793881379068"
"4.983270645141602","1.015801215544343"
"4.983161449432373","1.0158132063224912"
"4.982980251312256","1.0158331133425236"
"4.982726097106934","1.015860470943153"
"4.982372283935547","1.015898073092103"
"4.981865882873535","1.0159504599869251"
"4.98147439956665","1.0159900411963463"
"4.981464862823486","1.015990972518921"
"4.981461524963379","1.0159913217648864"
"4.981454849243164","1.0159920202568173"
"4.981441974639893","1.0159933008253574"
"4.981433391571045","1.0159941157326102"
"4.981416702270508","1.0159957455471158"
"4.981394290924072","1.0159980738535523"
"4.984901428222656","1.0160000529140234"
"4.984945774078369","1.0160005185753107"
"4.9849653244018555","1.0160014498978853"
"4.984986305236816","1.0160022648051381"
"4.985015869140625","1.0160034289583564"
"4.98502254486084","1.0160037782043219"
"4.985036849975586","1.016004360280931"
"4.985060214996338","1.0160052916035056"
"4.985100746154785","1.0160068050026894"
"4.985170841217041","1.016009715385735"
"4.985235214233398","1.016012392938137"
"4.985322952270508","1.0160161182284355"
"4.985493183135986","1.0160235688090324"
"4.985725402832031","1.0160342790186405"
"4.9860310554504395","1.0160491801798344"
"4.98643684387207","1.0160700185224414"
"4.986988067626953","1.0160997044295073"
"4.9877753257751465","1.0161430109292269"
"4.989391326904297","1.0162295075133443"
"4.992947578430176","1.0163995902985334"
"4.993455410003662","1.0164219420403242"
"4.993570327758789","1.0164269478991628"
"4.993599891662598","1.0164282284677029"
"4.993659019470215","1.016430789604783"
"4.993708610534668","1.016432885080576"
"4.993789196014404","1.0164363775402308"
"4.990292549133301","1.0164412669837475"
"4.990278720855713","1.0164425475522876"
"4.990275859832764","1.0164427803829312"
"4.990271091461182","1.0164431296288967"
"4.990262031555176","1.0164439445361495"
"4.990244388580322","1.0164454579353333"
"4.990239143371582","1.0164459235966206"
"4.990229606628418","1.0164467385038733"
"4.990214824676514","1.0164481354877353"
"4.990189075469971","1.0164504637941718"
"4.990146636962891","1.0164546547457576"
"4.990091800689697","1.0164605919271708"
"4.989996433258057","1.0164723498746753"
"4.989866256713867","1.016492722555995"
"4.989736080169678","1.016520895063877"
"4.989612579345703","1.01655931212008"
"4.9894890785217285","1.016612397506833"
"4.989335536956787","1.0166889987885952"
"4.9890313148498535","1.0168197331950068"
"4.988370895385742","1.017016707919538"
"4.986627101898193","1.0173521004617214"
"4.9834489822387695","1.0177709627896547"
"4.983404636383057","1.0177759686484933"
"4.9833598136901855","1.0177809745073318"
"4.9833149909973145","1.0177859803661704"
"4.983303070068359","1.0177872609347105"
"4.983279705047607","1.0177898220717907"
"4.9832329750061035","1.017795060761273"
"4.983166217803955","1.017802394926548"
"4.983056545257568","1.0178143857046962"
"4.982873916625977","1.0178342927247286"
"4.98261833190918","1.0178617667406797"
"4.982261657714844","1.017899252474308"
"4.981751918792725","1.017951755784452"
"4.9813714027404785","1.017990056425333"
"4.981361389160156","1.0179909877479076"
"4.981358051300049","1.0179913369938731"
"4.981351375579834","1.0179919190704823"
"4.9813385009765625","1.0179933160543442"
"4.981329917907715","1.017994130961597"
"4.9813127517700195","1.0179957607761025"
"4.981290340423584","1.0179979726672173"
"4.984797477722168","1.0179999517276883"
"4.984841823577881","1.0180005338042974"
"4.984861373901367","1.018001465126872"
"4.98488187789917","1.0180022800341249"
"4.9849114418029785","1.0180034441873431"
"4.984918594360352","1.0180037934333086"
"4.9849324226379395","1.018004259094596"
"4.98495626449585","1.0180051904171705"
"4.984996318817139","1.018006820231676"
"4.985065937042236","1.0180097306147218"
"4.985130310058594","1.0180124081671238"
"4.985218048095703","1.0180161334574223"
"4.985387802124023","1.0180235840380192"
"4.98561954498291","1.0180342942476273"
"4.985924243927002","1.018049195408821"
"4.986328601837158","1.0180700337514281"
"4.986878395080566","1.0180996032431722"
"4.9876627922058105","1.0181429097428918"
"4.989274024963379","1.018229522742331"
"4.99282169342041","1.0183996055275202"
"4.993328094482422","1.0184218408539891"
"4.993443012237549","1.0184268467128277"
"4.993472576141357","1.0184281272813678"
"4.993531227111816","1.018430688418448"
"4.9935808181762695","1.0184329003095627"
"4.993661403656006","1.0184362763538957"
"4.990164279937744","1.0184411657974124"
"4.990150451660156","1.0184424463659525"
"4.990147590637207","1.018442795611918"
"4.990143299102783","1.0184431448578835"
"4.990134239196777","1.0184438433498144"
"4.990116119384766","1.01844547316432"
"4.990110874176025","1.0184459388256073"
"4.9901018142700195","1.01844675373286"
"4.990086555480957","1.0184480343014002"
"4.990060806274414","1.0184504790231586"
"4.990018367767334","1.0184546699747443"
"4.989963054656982","1.0184604907408357"
"4.989867210388184","1.0184722486883402"
"4.9897356033325195","1.0184927377849817"
"4.9896039962768555","1.0185209102928638"
"4.989479064941406","1.018559210933745"
"4.989353179931641","1.018612296320498"
"4.989195823669434","1.0186888976022601"
"4.988885402679443","1.0188196320086718"
"4.988215923309326","1.019016606733203"
"4.986445426940918","1.0193539783358574"
"4.983285427093506","1.0197683004662395"
"4.983240604400635","1.019773306325078"
"4.983195781707764","1.0197783121839166"
"4.983150959014893","1.0197833180427551"
"4.9831390380859375","1.0197845986112952"
"4.9831156730651855","1.0197871597483754"
"4.983068466186523","1.0197923984378576"
"4.983001708984375","1.0197997326031327"
"4.982892036437988","1.019811723381281"
"4.982708930969238","1.0198316304013133"
"4.982452392578125","1.0198591044172645"
"4.982095241546631","1.0198965901508927"
"4.981583595275879","1.0199490934610367"
"4.981175422668457","1.019989955238998"
"4.981165409088135","1.0199910029768944"
"4.981162071228027","1.0199913522228599"
"4.9811553955078125","1.019991934299469"
"4.981142520904541","1.019993214868009"
"4.981133937835693","1.0199941461905837"
"4.981116771697998","1.0199957760050893"
"4.9810943603515625","1.019997987896204"
"4.9846014976501465","1.019999966956675"
"4.984645843505859","1.0200005490332842"
"4.9846649169921875","1.0200014803558588"
"4.984685897827148","1.0200022952631116"
"4.984715461730957","1.0200034594163299"
"4.984722137451172","1.0200036922469735"
"4.984736442565918","1.0200042743235826"
"4.98475980758667","1.0200052056461573"
"4.984799861907959","1.0200068354606628"
"4.984869480133057","1.0200097458437085"
"4.984933853149414","1.0200124233961105"
"4.985021591186523","1.020016148686409"
"4.9851908683776855","1.020023599267006"
"4.985422134399414","1.020034309476614"
"4.985726356506348","1.0200492106378078"
"4.986130714416504","1.0200700489804149"
"4.9866790771484375","1.0200997348874807"
"4.987462520599365","1.0201430413872004"
"4.989071369171143","1.0202295379713178"
"4.992613315582275","1.020399620756507"
"4.993119239807129","1.0204219724982977"
"4.993233680725098","1.0204269783571362"
"4.993263244628906","1.0204282589256763"
"4.993321895599365","1.0204308200627565"
"4.993371486663818","1.0204329155385494"
"4.9934515953063965","1.0204364079982042"
"4.989954948425293","1.020441297441721"
"4.989940643310547","1.020442578010261"
"4.989937782287598","1.0204428108409047"
"4.989933490753174","1.020443276502192"
"4.98992395401001","1.020443974994123"
"4.989906311035156","1.0204454883933067"
"4.989901065826416","1.020445954054594"
"4.989891529083252","1.0204467689618468"
"4.989876747131348","1.0204481659457088"
"4.989850997924805","1.0204504942521453"
"4.989808082580566","1.020454685203731"
"4.989752769470215","1.0204606223851442"
"4.989656448364258","1.0204723803326488"
"4.9895243644714355","1.0204927530139685"
"4.989391803741455","1.0205209255218506"
"4.989265441894531","1.0205593425780535"
"4.989137649536133","1.0206124279648066"
"4.988977909088135","1.0206890292465687"
"4.988663196563721","1.0208197636529803"
"4.987987518310547","1.0210167383775115"
"4.986206531524658","1.0213539935648441"
"4.983015537261963","1.021770527586341"
"4.982970714569092","1.0217754170298576"
"4.982925891876221","1.0217804228886962"
"4.982880592346191","1.0217854287475348"
"4.982868671417236","1.0217868257313967"
"4.982844829559326","1.0217893868684769"
"4.982797622680664","1.0217945091426373"
"4.982730865478516","1.0218018433079123"
"4.9826202392578125","1.0218139505013824"
"4.982436656951904","1.021833741106093"
"4.982178688049316","1.021861215122044"
"4.981820106506348","1.0218987008556724"
"4.981306552886963","1.0219512041658163"
"4.9809184074401855","1.0219899704679847"
"4.980908393859863","1.0219910182058811"
"4.980905055999756","1.0219913674518466"
"4.980898380279541","1.0219919495284557"
"4.9808855056762695","1.0219932300969958"
"4.980876922607422","1.0219941614195704"
"4.980859756469727","1.021995791234076"
"4.980837345123291","1.0219980031251907"
"4.984344005584717","1.0219999821856618"
"4.984388828277588","1.022000564262271"
"4.984407901763916","1.0220014955848455"
"4.984428405761719","1.0220023104920983"
"4.984457969665527","1.0220034746453166"
"4.9844651222229","1.0220037074759603"
"4.984478950500488","1.0220042895525694"
"4.98450231552124","1.022005220875144"
"4.984542369842529","1.0220068506896496"
"4.984611988067627","1.0220097610726953"
"4.984676361083984","1.0220124386250973"
"4.9847636222839355","1.0220161639153957"
"4.984932899475098","1.0220236144959927"
"4.985163688659668","1.0220343247056007"
"4.985467433929443","1.0220491094514728"
"4.985870838165283","1.0220699477940798"
"4.986418724060059","1.0220996337011456"
"4.9872002601623535","1.0221429402008653"
"4.988805770874023","1.0222295532003045"
"4.9921698570251465","1.0223918361589313"
"4.992892265319824","1.0224238503724337"
"4.993007183074951","1.0224288562312722"
"4.993036270141602","1.0224301367998123"
"4.993095397949219","1.0224326979368925"
"4.993142604827881","1.0224347934126854"
"4.993220806121826","1.0224381694570184"
"4.9933319091796875","1.0224429424852133"
"4.989825248718262","1.0224462021142244"
"4.989814281463623","1.022447133436799"
"4.989813327789307","1.0224472498521209"
"4.989810943603516","1.0224473662674427"
"4.989806175231934","1.0224477155134082"
"4.989797115325928","1.022448530420661"
"4.989778995513916","1.0224500438198447"
"4.9897541999816895","1.0224522557109594"
"4.989721775054932","1.022455166094005"
"4.989679336547852","1.0224593570455909"
"4.989621639251709","1.0224654106423259"
"4.989522933959961","1.0224775178357959"
"4.989401817321777","1.02249626070261"
"4.989277362823486","1.0225223377346992"
"4.989157676696777","1.0225578444078565"
"4.989038467407227","1.022607204504311"
"4.988893508911133","1.0226791491732001"
"4.9885735511779785","1.0228189639747143"
"4.987860679626465","1.0230308398604393"
"4.985930919647217","1.0233919601887465"
"4.983029842376709","1.0237691458314657"
"4.982985019683838","1.0237741516903043"
"4.982940673828125","1.0237791575491428"
"4.982895851135254","1.0237841634079814"
"4.982883930206299","1.0237854439765215"
"4.982860565185547","1.0237881215289235"
"4.982813835144043","1.023793243803084"
"4.982747554779053","1.023800577968359"
"4.982638359069824","1.023812685161829"
"4.982456207275391","1.0238324757665396"
"4.982200622558594","1.0238599497824907"
"4.981844902038574","1.023897435516119"
"4.9813361167907715","1.023949938826263"
"4.980937957763672","1.0239899856969714"
"4.98092794418335","1.0239910334348679"
"4.980924606323242","1.0239912662655115"
"4.980917930603027","1.0239919647574425"
"4.980905055999756","1.0239932453259826"
"4.980896472930908","1.0239940602332354"
"4.980879783630371","1.0239958064630628"
"4.9808573722839355","1.0239980183541775"
"4.984364032745361","1.0239999974146485"
"4.984408855438232","1.0240005794912577"
"4.9844279289245605","1.0240015108138323"
"4.9844489097595215","1.024002325721085"
"4.98447847366333","1.0240034898743033"
"4.984485149383545","1.024003722704947"
"4.984499454498291","1.0240043047815561"
"4.984522819519043","1.0240052361041307"
"4.98456335067749","1.0240068659186363"
"4.984632968902588","1.0240096598863602"
"4.984697341918945","1.024012453854084"
"4.984785079956055","1.0240161791443825"
"4.984954833984375","1.0240236297249794"
"4.985186576843262","1.0240343399345875"
"4.9854912757873535","1.0240491246804595"
"4.985896110534668","1.0240699630230665"
"4.986445903778076","1.0240996489301324"
"4.9872307777404785","1.024142955429852"
"4.988842487335205","1.0242295684292912"
"4.9922685623168945","1.0243941796943545"
"4.992921829223633","1.0244230506941676"
"4.99303674697876","1.0244280565530062"
"4.993066310882568","1.0244293371215463"
"4.9931254386901855","1.0244318982586265"
"4.993173599243164","1.0244339937344193"
"4.993252277374268","1.0244373697787523"
"4.993364334106445","1.0244421428069472"
"4.9898576736450195","1.0244455188512802"
"4.989846706390381","1.024446333758533"
"4.9898457527160645","1.0244464501738548"
"4.989843368530273","1.0244466830044985"
"4.989838600158691","1.024447032250464"
"4.9898295402526855","1.0244478471577168"
"4.989811420440674","1.0244493605569005"
"4.989786624908447","1.0244515724480152"
"4.9897541999816895","1.0244544828310609"
"4.989711284637451","1.0244586737826467"
"4.989654064178467","1.0244648437947035"
"4.9895548820495605","1.0244770674034953"
"4.989434242248535","1.0244959266856313"
"4.9893107414245605","1.0245221201330423"
"4.989192962646484","1.024557976052165"
"4.989075183868408","1.024607801809907"
"4.988932132720947","1.0246803285554051"
"4.9886088371276855","1.0248231701552868"
"4.987879753112793","1.0250392369925976"
"4.9858856201171875","1.02540897205472"
"4.983698844909668","1.0256994282826781"
"4.983110427856445","1.0257675312459469"
"4.983066082000732","1.0257725371047854"
"4.9830217361450195","1.025777542963624"
"4.982977390289307","1.0257825488224626"
"4.982965469360352","1.0257838293910027"
"4.982942581176758","1.0257865069434047"
"4.982895851135254","1.025791629217565"
"4.982829570770264","1.0257989633828402"
"4.982720851898193","1.0258110705763102"
"4.982539653778076","1.0258308611810207"
"4.982285499572754","1.025858335196972"
"4.981931686401367","1.0258958209306002"
"4.981425762176514","1.0259482078254223"
"4.981012344360352","1.0259900009259582"
"4.981002330780029","1.0259910486638546"
"4.980998992919922","1.0259912814944983"
"4.980992794036865","1.0259919799864292"
"4.9809794425964355","1.0259932605549693"
"4.980971336364746","1.025994075462222"
"4.980954170227051","1.0259958216920495"
"4.980932235717773","1.0259980335831642"
"4.984438896179199","1.0260000126436353"
"4.98448371887207","1.0260005947202444"
"4.984502792358398","1.026001526042819"
"4.984523773193359","1.0260023409500718"
"4.984553337097168","1.02600350510329"
"4.984560489654541","1.0260037379339337"
"4.984574317932129","1.0260043200105429"
"4.984597682952881","1.0260052513331175"
"4.984638214111328","1.026006881147623"
"4.984708309173584","1.026009675115347"
"4.984772682189941","1.026012352667749"
"4.984860420227051","1.0260160779580474"
"4.985030651092529","1.0260236449539661"
"4.985262870788574","1.0260343551635742"
"4.985568523406982","1.0260491399094462"
"4.985973834991455","1.0260699782520533"
"4.986525058746338","1.0260996641591191"
"4.987311840057373","1.0261429706588387"
"4.988927364349365","1.026229583658278"
"4.99244499206543","1.0263980366289616"
"4.9930315017700195","1.0264238808304071"
"4.993146896362305","1.0264288866892457"
"4.993176460266113","1.0264301672577858"
"4.9932355880737305","1.026432728394866"
"4.993284225463867","1.0264348238706589"
"4.993363857269287","1.0264383163303137"
"4.993476867675781","1.0264430893585086"
"4.9899702072143555","1.0264464654028416"
"4.989959239959717","1.0264472803100944"
"4.9899582862854","1.0264473967254162"
"4.989955902099609","1.0264476295560598"
"4.989951133728027","1.0264479788020253"
"4.9899420738220215","1.026448793709278"
"4.98992395401001","1.0264503071084619"
"4.989899158477783","1.0264525189995766"
"4.989866733551025","1.026455545797944"
"4.989823818206787","1.0264597367495298"
"4.9897661209106445","1.0264659067615867"
"4.9896674156188965","1.0264782467857003"
"4.989547252655029","1.02649733889848"
"4.989425182342529","1.0265237651765347"
"4.989308834075928","1.026559853926301"
"4.989192962646484","1.0266101453453302"
"4.989052772521973","1.026683603413403"
"4.988743782043457","1.0268231853842735"
"4.98804235458374","1.027035410515964"
"4.986095905303955","1.0274021187797189"
"4.9839067459106445","1.0276960674673319"
"4.983275890350342","1.0277695255354047"
"4.983232021331787","1.0277745313942432"
"4.983187675476074","1.0277795372530818"
"4.983143329620361","1.0277845431119204"
"4.983131408691406","1.0277858236804605"
"4.9831085205078125","1.0277885012328625"
"4.983062267303467","1.0277936235070229"
"4.982996463775635","1.027800957672298"
"4.9828877449035645","1.027813064865768"
"4.982707500457764","1.0278328554704785"
"4.982454299926758","1.0278603294864297"
"4.982101917266846","1.027897815220058"
"4.981597900390625","1.02795020211488"
"4.981205463409424","1.027990016154945"
"4.981195449829102","1.0279909474775195"
"4.981192111968994","1.027991296723485"
"4.9811859130859375","1.027991995215416"
"4.981173038482666","1.027993275783956"
"4.981164455413818","1.0279940906912088"
"4.981147766113281","1.0279958369210362"
"4.981125354766846","1.027998048812151"
"4.98463249206543","1.028000027872622"
"4.984677314758301","1.0280006099492311"
"4.984696388244629","1.028001424856484"
"4.98471736907959","1.0280023561790586"
"4.984746932983398","1.0280035203322768"
"4.9847540855407715","1.0280037531629205"
"4.984767913818359","1.0280043352395296"
"4.9847917556762695","1.0280052665621042"
"4.984832286834717","1.0280068963766098"
"4.984902381896973","1.0280096903443336"
"4.98496675491333","1.0280123678967357"
"4.9850544929504395","1.0280160931870341"
"4.985225200653076","1.0280236601829529"
"4.985457420349121","1.0280342539772391"
"4.985764026641846","1.028049155138433"
"4.986170291900635","1.02806999348104"
"4.986722469329834","1.0280996793881059"
"4.987510681152344","1.0281429858878255"
"4.989129543304443","1.0282295988872647"
"4.992690563201904","1.028399565257132"
"4.993284702301025","1.0284256422892213"
"4.9934000968933105","1.0284306481480598"
"4.993429660797119","1.0284319287166"
"4.9934892654418945","1.0284344898536801"
"4.993537902832031","1.028436585329473"
"4.993618011474609","1.0284400777891278"
"4.993731498718262","1.0284448508173227"
"4.990224838256836","1.0284482268616557"
"4.990213871002197","1.0284490417689085"
"4.990212917327881","1.0284491581842303"
"4.990211009979248","1.028449391014874"
"4.990206241607666","1.0284497402608395"
"4.990196704864502","1.0284505551680923"
"4.990179061889648","1.028452068567276"
"4.990154266357422","1.0284542804583907"
"4.990121841430664","1.0284573072567582"
"4.990079402923584","1.028461498208344"
"4.9900221824646","1.0284676682204008"
"4.989924430847168","1.0284801246598363"
"4.989805221557617","1.028499100357294"
"4.989685535430908","1.0285256430506706"
"4.989572048187256","1.028561731800437"
"4.989460468292236","1.0286120232194662"
"4.989325046539307","1.028685481287539"
"4.989027500152588","1.0288248304277658"
"4.98834228515625","1.0290368227288127"
"4.986495494842529","1.0293918894603848"
"4.984303951263428","1.0296909604221582"
"4.983628749847412","1.0297703556716442"
"4.983584880828857","1.0297753615304828"
"4.983541011810303","1.0297803673893213"
"4.98349666595459","1.0297853732481599"
"4.983485221862793","1.0297866538167"
"4.983462333679199","1.029789331369102"
"4.9834160804748535","1.0297944536432624"
"4.98335075378418","1.0298017878085375"
"4.983242988586426","1.0298138950020075"
"4.9830641746521","1.029833685606718"
"4.982812881469727","1.0298611596226692"
"4.9824628829956055","1.0298986453562975"
"4.981961727142334","1.0299510322511196"
"4.9815802574157715","1.0299900313839316"
"4.981570243835449","1.0299909627065063"
"4.9815673828125","1.0299913119524717"
"4.981560707092285","1.0299920104444027"
"4.981547832489014","1.0299932910129428"
"4.981539726257324","1.0299941059201956"
"4.981523036956787","1.029995852150023"
"4.981500625610352","1.0299980640411377"
"4.9850077629089355","1.0300000431016088"
"4.985052585601807","1.030000508762896"
"4.985072135925293","1.0300014400854707"
"4.985093116760254","1.0300022549927235"
"4.9851226806640625","1.0300034191459417"
"4.9851298332214355","1.0300037683919072"
"4.985143661499023","1.0300043504685163"
"4.985167503356934","1.030005281791091"
"4.985208034515381","1.0300069116055965"
"4.985278129577637","1.0300097055733204"
"4.985342979431152","1.0300123831257224"
"4.98543119430542","1.0300161084160209"
"4.985601902008057","1.0300235589966178"
"4.985835075378418","1.0300342692062259"
"4.986142158508301","1.0300491703674197"
"4.9865498542785645","1.0300700087100267"
"4.987104415893555","1.0300996946170926"
"4.987895488739014","1.0301430011168122"
"4.989519119262695","1.0302294977009296"
"4.993090629577637","1.0303995804861188"
"4.993600368499756","1.0304219322279096"
"4.993715763092041","1.0304269380867481"
"4.99374532699585","1.0304282186552882"
"4.993804454803467","1.0304307797923684"
"4.993854522705078","1.0304328752681613"
"4.9939351081848145","1.030436367727816"
"4.990438938140869","1.0304412571713328"
"4.9904255867004395","1.030442537739873"
"4.99042272567749","1.0304427705705166"
"4.990417957305908","1.030443119816482"
"4.990408897399902","1.0304439347237349"
"4.990391254425049","1.0304454481229186"
"4.990386009216309","1.030445913784206"
"4.990376949310303","1.0304467286914587"
"4.990362167358398","1.0304481256753206"
"4.990336894989014","1.0304504539817572"
"4.990294456481934","1.030454644933343"
"4.990240097045898","1.030460582114756"
"4.990145683288574","1.0304723400622606"
"4.990016937255859","1.0304927127435803"
"4.989889144897461","1.0305208852514625"
"4.989769458770752","1.0305593023076653"
"4.989650249481201","1.0306123876944184"
"4.989502906799316","1.0306889889761806"
"4.989208698272705","1.0308197233825922"
"4.988563537597656","1.0310166981071234"
"4.986928462982178","1.0313383536413312"
"4.984586715698242","1.0316642001271248"
"4.983676433563232","1.031771069392562"
"4.9836320877075195","1.0317760752514005"
"4.983587741851807","1.031781081110239"
"4.983543395996094","1.0317860869690776"
"4.983531475067139","1.0317873675376177"
"4.983508586883545","1.0317899286746979"
"4.983461856842041","1.03179516736418"
"4.983396053314209","1.0318025015294552"
"4.9832868576049805","1.0318144923076034"
"4.9831061363220215","1.0318343993276358"
"4.982852458953857","1.031861756928265"
"4.982498645782471","1.0318993590772152"
"4.981993198394775","1.0319517459720373"
"4.9816155433654785","1.0319900466129184"
"4.981605529785156","1.031990977935493"
"4.981602668762207","1.0319913271814585"
"4.981595993041992","1.0319920256733894"
"4.981583118438721","1.0319933062419295"
"4.981574535369873","1.0319941211491823"
"4.981557846069336","1.031995750963688"
"4.9815354347229","1.0319980792701244"
"4.985042572021484","1.0319999419152737"
"4.9850873947143555","1.0320005239918828"
"4.985106468200684","1.0320014553144574"
"4.9851274490356445","1.0320022702217102"
"4.985157012939453","1.0320034343749285"
"4.985164165496826","1.032003783620894"
"4.985177993774414","1.0320042492821813"
"4.985201358795166","1.0320052970200777"
"4.985241889953613","1.0320068104192615"
"4.985311985015869","1.0320097208023071"
"4.985376358032227","1.0320123983547091"
"4.985464572906494","1.0320161236450076"
"4.985634803771973","1.0320235742256045"
"4.985867023468018","1.0320342844352126"
"4.986173152923584","1.0320491855964065"
"4.986578941345215","1.0320700239390135"
"4.987130641937256","1.0320995934307575"
"4.987918376922607","1.0321428999304771"
"4.989535808563232","1.0322295129299164"
"4.993095397949219","1.0323995957151055"
"4.993603229522705","1.0324219474568963"
"4.99371862411499","1.032426836900413"
"4.993747711181641","1.0324281174689531"
"4.993806838989258","1.0324306786060333"
"4.993856906890869","1.032432890497148"
"4.9939374923706055","1.0324363829568028"
"4.990440845489502","1.0324411559849977"
"4.990427017211914","1.0324424365535378"
"4.990424156188965","1.0324427857995033"
"4.990419864654541","1.0324431350454688"
"4.990410804748535","1.0324438335373998"
"4.990392684936523","1.0324454633519053"
"4.990387439727783","1.0324459290131927"
"4.990378379821777","1.0324467439204454"
"4.990363597869873","1.0324480244889855"
"4.99033784866333","1.032450469210744"
"4.99029541015625","1.0324546601623297"
"4.990240573883057","1.032460480928421"
"4.990145683288574","1.0324722388759255"
"4.990015506744385","1.032492727972567"
"4.9898858070373535","1.0325209004804492"
"4.989763259887695","1.0325592011213303"
"4.989640712738037","1.0326124029234052"
"4.98948860168457","1.0326890042051673"
"4.989186763763428","1.0328196221962571"
"4.988529682159424","1.0330167133361101"
"4.986810207366943","1.033349079079926"
"4.984475135803223","1.0336695704609156"
"4.983616352081299","1.0337696876376867"
"4.983572006225586","1.0337746934965253"
"4.983527183532715","1.0337796993553638"
"4.983482837677002","1.0337847052142024"
"4.983470916748047","1.0337859857827425"
"4.983447551727295","1.0337885469198227"
"4.983400821685791","1.033793785609305"
"4.983334541320801","1.03380111977458"
"4.983225345611572","1.0338131105527282"
"4.983043193817139","1.0338330175727606"
"4.982788562774658","1.0338604915887117"
"4.982433795928955","1.03389797732234"
"4.981925964355469","1.0339503642171621"
"4.981533050537109","1.0339899454265833"
"4.981523036956787","1.0339909931644797"
"4.98151969909668","1.0339913424104452"
"4.981513500213623","1.0339919244870543"
"4.981500148773193","1.0339933214709163"
"4.981492042541504","1.033994136378169"
"4.981474876403809","1.0339957661926746"
"4.981452465057373","1.0339979780837893"
"4.984959602355957","1.0339999571442604"
"4.98500394821167","1.0340005392208695"
"4.985023498535156","1.0340014705434442"
"4.985044479370117","1.034002285450697"
"4.985074043273926","1.0340034496039152"
"4.985080718994141","1.0340037988498807"
"4.985095024108887","1.034004264511168"
"4.985118389129639","1.0340051958337426"
"4.985158443450928","1.0340068256482482"
"4.985228538513184","1.0340097360312939"
"4.985292911529541","1.0340124135836959"
"4.98538064956665","1.0340161388739944"
"4.985550880432129","1.0340235894545913"
"4.985782623291016","1.0340342996641994"
"4.986087799072266","1.0340492008253932"
"4.986493110656738","1.0340700391680002"
"4.987043857574463","1.034099725075066"
"4.987829685211182","1.0341429151594639"
"4.989443302154541","1.0342295281589031"
"4.992995738983154","1.0343996109440923"
"4.993502616882324","1.034421962685883"
"4.993617534637451","1.0344269685447216"
"4.99364709854126","1.0344282491132617"
"4.993706226348877","1.034430810250342"
"4.99375581741333","1.0344329057261348"
"4.993836402893066","1.0344363981857896"
"4.990339756011963","1.0344412876293063"
"4.990325450897217","1.0344425681978464"
"4.990322589874268","1.03444280102849"
"4.990318298339844","1.0344431502744555"
"4.990309238433838","1.0344439651817083"
"4.990291595458984","1.034445478580892"
"4.990285873413086","1.0344459442421794"
"4.99027681350708","1.0344467591494322"
"4.990262031555176","1.034448156133294"
"4.990236282348633","1.0344504844397306"
"4.990193843841553","1.0344546753913164"
"4.990138530731201","1.0344606125727296"
"4.990042686462402","1.034472370520234"
"4.989912033081055","1.0344927432015538"
"4.989781379699707","1.034520915709436"
"4.989656925201416","1.034559216350317"
"4.989532470703125","1.034612418152392"
"4.989377021789551","1.034689019434154"
"4.989069938659668","1.0348197538405657"
"4.988405227661133","1.0350167285650969"
"4.986641883850098","1.0353539837524295"
"4.983495235443115","1.0357678402215242"
"4.983450889587402","1.0357728460803628"
"4.983406066894531","1.0357778519392014"
"4.98336124420166","1.03578285779804"
"4.983349323272705","1.03578413836658"
"4.983325958251953","1.0357866995036602"
"4.983278751373291","1.0357919381931424"
"4.983212471008301","1.0357992723584175"
"4.983102798461914","1.0358112631365657"
"4.982920169830322","1.0358310537412763"
"4.982664585113525","1.0358585277572274"
"4.9823079109191895","1.0358961299061775"
"4.981797695159912","1.0359485168009996"
"4.981385231018066","1.03598996065557"
"4.981375217437744","1.0359910083934665"
"4.981371879577637","1.035991357639432"
"4.98136568069458","1.035991939716041"
"4.98135232925415","1.0359932202845812"
"4.981343746185303","1.0359941516071558"
"4.981327056884766","1.0359957814216614"
"4.98130464553833","1.035997993312776"
"4.984811305999756","1.0359999723732471"
"4.984856128692627","1.0360005544498563"
"4.984875202178955","1.036001485772431"
"4.984896183013916","1.0360023006796837"
"4.984925270080566","1.036003464832902"
"4.9849324226379395","1.0360036976635456"
"4.984946250915527","1.0360042797401547"
"4.9849700927734375","1.0360052110627294"
"4.985010147094727","1.036006840877235"
"4.985079765319824","1.0360097512602806"
"4.985144138336182","1.0360124288126826"
"4.985231876373291","1.036016154102981"
"4.985401630401611","1.036023604683578"
"4.98563289642334","1.036034314893186"
"4.985937595367432","1.03604921605438"
"4.986341953277588","1.036070054396987"
"4.986891269683838","1.0360997403040528"
"4.987675666809082","1.0361430468037724"
"4.989285945892334","1.0362296598032117"
"4.992831707000732","1.036399626173079"
"4.993337631225586","1.0364219779148698"
"4.993452548980713","1.0364269837737083"
"4.993481636047363","1.0364282643422484"
"4.9935407638549805","1.0364308254793286"
"4.993590354919434","1.0364330373704433"
"4.993670463562012","1.0364364134147763"
"4.990173816680908","1.036441302858293"
"4.990159511566162","1.0364425834268332"
"4.990156650543213","1.0364428162574768"
"4.990152359008789","1.0364432819187641"
"4.990143299102783","1.036443980410695"
"4.9901251792907715","1.0364454938098788"
"4.990119934082031","1.0364459594711661"
"4.990110874176025","1.036446774378419"
"4.990095615386963","1.0364481713622808"
"4.99006986618042","1.0364504996687174"
"4.990026950836182","1.0364546906203032"
"4.989972114562988","1.0364606278017163"
"4.989875793457031","1.0364723857492208"
"4.989744186401367","1.0364927584305406"
"4.989612102508545","1.0365209309384227"
"4.9894866943359375","1.0365593479946256"
"4.9893598556518555","1.0366124333813787"
"4.989201068878174","1.0366890346631408"
"4.988889217376709","1.0368197690695524"
"4.988216876983643","1.0370167437940836"
"4.9864420890808105","1.0373539989814162"
"4.983253002166748","1.0377709986642003"
"4.983208179473877","1.0377760045230389"
"4.983163356781006","1.0377810103818774"
"4.983118057250977","1.037786016240716"
"4.98310661315918","1.037787296809256"
"4.9830827713012695","1.037789974361658"
"4.983035564422607","1.0377950966358185"
"4.982968807220459","1.0378024308010936"
"4.982858657836914","1.0378145379945636"
"4.982675075531006","1.0378343285992742"
"4.982417583465576","1.0378618026152253"
"4.982059478759766","1.0378992883488536"
"4.981546878814697","1.0379517916589975"
"4.981164932250977","1.0379899758845568"
"4.981154918670654","1.0379910236224532"
"4.981151580810547","1.0379913728684187"
"4.981144905090332","1.0379919549450278"
"4.981131553649902","1.037993235513568"
"4.981123447418213","1.0379941668361425"
"4.981106281280518","1.0379957966506481"
"4.981083869934082","1.0379980085417628"
"4.984590530395508","1.0379999876022339"
"4.984635353088379","1.038000569678843"
"4.984654426574707","1.0380015010014176"
"4.98467493057251","1.0380023159086704"
"4.984704494476318","1.0380034800618887"
"4.984711647033691","1.0380037128925323"
"4.984725475311279","1.0380042949691415"
"4.984748840332031","1.038005226291716"
"4.98478889465332","1.0380068561062217"
"4.984858989715576","1.0380097664892673"
"4.984922885894775","1.0380124440416694"
"4.985010623931885","1.0380161693319678"
"4.985179901123047","1.0380236199125648"
"4.985410690307617","1.0380343301221728"
"4.985714912414551","1.0380491148680449"
"4.986118316650391","1.0380699532106519"
"4.986666679382324","1.0380996391177177"
"4.987448692321777","1.0381429456174374"
"4.989055633544922","1.0382294422015548"
"4.992595195770264","1.038399524986744"
"4.993100643157959","1.0384218767285347"
"4.993215084075928","1.0384268825873733"
"4.993244171142578","1.0384281631559134"
"4.993303298950195","1.0384307242929935"
"4.99335241317749","1.0384328197687864"
"4.993432998657227","1.0384363122284412"
"4.989935874938965","1.038441201671958"
"4.989921569824219","1.038442482240498"
"4.9899187088012695","1.0384427150711417"
"4.989914417266846","1.0384430643171072"
"4.98990535736084","1.03844387922436"
"4.989887237548828","1.0384453926235437"
"4.989881992340088","1.038445858284831"
"4.989872455596924","1.0384466731920838"
"4.9898576736450195","1.0384480701759458"
"4.989831924438477","1.0384503984823823"
"4.989789009094238","1.038454589433968"
"4.9897332191467285","1.0384605266153812"
"4.9896368980407715","1.0384722845628858"
"4.989504337310791","1.0384926572442055"
"4.9893717765808105","1.0385208297520876"
"4.98924446105957","1.0385591303929687"
"4.989116191864014","1.0386123321950436"
"4.988955020904541","1.0386889334768057"
"4.988638877868652","1.0388196678832173"
"4.987960338592529","1.0390166426077485"
"4.986174583435059","1.0393538977950811"
"4.982990264892578","1.0397689184173942"
"4.98295783996582","1.0397725272923708"
"4.9829254150390625","1.0397761361673474"
"4.982880115509033","1.039781142026186"
"4.982868671417236","1.039782539010048"
"4.982844829559326","1.039785100147128"
"4.982797622680664","1.0397903388366103"
"4.982731342315674","1.0397975565865636"
"4.982623100280762","1.039809314534068"
"4.9824419021606445","1.0398289887234569"
"4.982187747955322","1.0398559970781207"
"4.981834888458252","1.0398930171504617"
"4.981332778930664","1.0399444727227092"
"4.981055736541748","1.039972179569304"
"4.980876922607422","1.0399899911135435"
"4.980866432189941","1.03999103885144"
"4.980863094329834","1.0399912716820836"
"4.980856895446777","1.0399919701740146"
"4.980843544006348","1.0399932507425547"
"4.9808349609375","1.0399941820651293"
"4.980817794799805","1.0399958118796349"
"4.980794906616211","1.0399980237707496"
"4.980785369873047","1.039999071508646"
"4.984151363372803","1.0399993043392897"
"4.984309196472168","1.0399994207546115"
"4.984307765960693","1.0399995371699333"
"4.984304904937744","1.0399996535852551"
"4.984311580657959","1.0399998864158988"
"4.984312057495117","1.0400000028312206"
"4.984314918518066","1.0400000028312206"
"4.98431396484375","1.0400000028312206"
"4.984292984008789","1.0400000028312206"
"4.984310150146484","1.0400000028312206"
"4.984281539916992","1.0400000028312206"
"4.984315872192383","1.0400000028312206"
"4.984297752380371","1.0400000028312206"
"4.9842610359191895","1.0400000028312206"
"4.984339714050293","1.0400000028312206"
"4.984334468841553","1.0400000028312206"
"4.984370708465576","1.0400000028312206"
"4.984319686889648","1.0400000028312206"
"4.9843668937683105","1.0400000028312206"
"4.984344005584717","1.0400000028312206"
"4.984374523162842","1.0400000028312206"
"4.984394073486328","1.0400000028312206"
"4.984364032745361","1.0400000028312206"
